name,email,age
John Smith,john.smith@example.com,34
Emma Johnson,emma.johnson@example.com,28
Michael Brown,michael.brown@example.com,45
Sarah Davis,sarah.davis@example.com,19
David Wilson,david.wilson@example.com,67
Lisa Taylor,lisa.taylor@example.com,23
James Anderson,james.anderson@example.com,56
Emily White,emily.white@example.com,31
Robert Harris,robert.harris@example.com,42
Jennifer Lee,jennifer.lee@example.com,29
William Clark,william.clark@example.com,38
Ashley Lewis,ashley.lewis@example.com,25
Christopher Walker,christopher.walker@example.com,50
Amanda Hall,amanda.hall@example.com,33
Daniel Young,daniel.young@example.com,27
Megan King,megan.king@example.com,41
Thomas Wright,thomas.wright@example.com,36
Laura Scott,laura.scott@example.com,22
Matthew Green,matthew.green@example.com,48
Jessica Adams,jessica.adams@example.com,30
Andrew Baker,andrew.baker@example.com,55
Stephanie Turner,stephanie.turner@example.com,26
Mark Evans,mark.evans@example.com,39
Rachel Carter,rachel.carter@example.com,24
Steven Mitchell,steven.mitchell@example.com,47
Michelle Parker,michelle.parker@example.com,32
Kevin Roberts,kevin.roberts@example.com,44
Samantha Hill,samantha.hill@example.com,21
Brian Phillips,brian.phillips@example.com,53
Nicole Campbell,nicole.campbell@example.com,35
Jonathan Rivera,jonathan.rivera@example.com,40
Heather Gray,heather.gray@example.com,29
Patrick James,patrick.james@example.com,46
Kimberly Morris,kimberly.morris@example.com,27
Edward Rogers,edward.rogers@example.com,51
Christina Reed,christina.reed@example.com,34
George Cook,george.cook@example.com,43
Melissa Morgan,melissa.morgan@example.com,25
Timothy Bell,timothy.bell@example.com,49
Rebecca Bailey,rebecca.bailey@example.com,31
Charles Brooks,charles.brooks@example.com,58
Angela Cox,angela.cox@example.com,28
Benjamin Ward,benjamin.ward@example.com,37
Katherine Price,katherine.price@example.com,22
Ryan Sanders,ryan.sanders@example.com,45
Victoria Perry,victoria.perry@example.com,30
Justin Coleman,justin.coleman@example.com,54
Deborah Long,deborah.long@example.com,33
Brandon Ross,brandon.ross@example.com,26
Cynthia Hughes,cynthia.hughes@example.com,41
Jason Foster,jason.foster@example.com,39
Kathleen Bennett,kathleen.bennett@example.com,24
Gregory Russell,gregory.russell@example.com,47
Danielle Bryant,danielle.bryant@example.com,29
Scott Murphy,scott.murphy@example.com,52
Tiffany Barnes,tiffany.barnes@example.com,27
Nathan Howard,nathan.howard@example.com,44
Brittany Ellis,brittany.ellis@example.com,32
Zachary Stewart,zachary.stewart@example.com,38
Lori Griffin,lori.griffin@example.com,25
Adam Hayes,adam.hayes@example.com,50
Erin Peterson,erin.peterson@example.com,34
Jacob Alexander,jacob.alexander@example.com,42
Holly Simmons,holly.simmons@example.com,28
Kyle Cooper,kyle.cooper@example.com,46
Tara Reynolds,tara.reynolds@example.com,31
Eric Henderson,eric.henderson@example.com,55
Natalie Wood,natalie.wood@example.com,29
Dennis Fisher,dennis.fisher@example.com,48
Monica Ford,monica.ford@example.com,26
Sean Sullivan,sean.sullivan@example.com,40
Kristen Myers,kristen.myers@example.com,33
Raymond Kim,raymond.kim@example.com,51
Jasmine Butler,jasmine.butler@example.com,27
Jeremy Nguyen,jeremy.nguyen@example.com,45
Claire Stone,claire.stone@example.com,30
Aaron Powell,aaron.powell@example.com,53
Vanessa Webb,vanessa.webb@example.com,24
Travis Gordon,travis.gordon@example.com,39
Allison Hunter,allison.hunter@example.com,28
Craig Marshall,craig.marshall@example.com,47
Kelsey Watson,kelsey.watson@example.com,32
Philip Ortiz,philip.ortiz@example.com,44
Maria Freeman,maria.freeman@example.com,25
Shawn Pierce,shawn.pierce@example.com,50
Christine Andrews,christine.andrews@example.com,34
Randy Dixon,randy.dixon@example.com,42
Brenda Gardner,brenda.gardner@example.com,29
Terry Spencer,terry.spencer@example.com,46
Gloria Hart,gloria.hart@example.com,31
Wayne Duncan,wayne.duncan@example.com,55
Marissa Fox,marissa.fox@example.com,27
Roger Knight,roger.knight@example.com,49
Erika Lawrence,erika.lawrence@example.com,33
Billy Murray,billy.murray@example.com,41
